,City,Lat,Lng,Max Temp,Humidity,Cloudiness,Wind Speed,Country,Date
0,Abu Samrah,35.3,37.18,297.54,47,0,5.55,SY,1597686414
1,Kapaa,22.08,-159.32,299.15,78,40,6.7,US,1597686414
2,Mar del Plata,-38.0,-57.56,287.15,30,0,9.8,AR,1597686415
3,Dorokhovo,55.55,36.37,292.15,59,5,3.0,RU,1597686415
4,Coquimbo,-29.95,-71.34,284.15,81,90,2.1,CL,1597686418
5,Bluff,-46.6,168.33,275.93,96,87,1.34,NZ,1597686418
6,Butaritari,3.07,172.79,300.4,62,70,2.8,KI,1597686418
7,Rikitea,-23.12,-134.97,294.85,78,7,5.23,PF,1597686419
8,Bredasdorp,-34.53,20.04,283.15,81,98,7.2,ZA,1597686419
9,Xai-Xai,-25.05,33.64,290.96,75,72,3.94,MZ,1597686419
10,Khatanga,71.97,102.5,287.3,89,88,2.24,RU,1597686420
11,Busselton,-33.65,115.33,284.26,73,94,6.95,AU,1597686420
12,Lebu,-37.62,-73.65,283.86,68,1,3.71,CL,1597686421
13,Tibati,6.47,12.63,294.55,88,94,0.79,CM,1597686421
14,Barrow,71.29,-156.79,281.15,81,75,8.7,US,1597686421
15,Isangel,-19.55,169.27,297.32,84,91,6.44,VU,1597686422
16,Anadyr,64.75,177.48,283.15,87,20,3.0,RU,1597686124
17,Mazara del Vallo,37.66,12.59,302.15,83,20,4.1,IT,1597686422
18,Ushuaia,-54.8,-68.3,274.15,86,75,2.09,AR,1597686381
19,Pokhara,28.23,83.98,296.7,85,46,0.36,NP,1597686423
20,Adrar,20.5,-10.07,315.04,15,0,5.56,MR,1597686244
21,Puerto Ayora,-0.74,-90.35,294.15,77,75,5.1,EC,1597686424
22,Eston,51.15,-108.75,302.15,28,75,2.94,CA,1597686425
23,Avarua,-21.21,-159.78,294.15,68,32,1.5,CK,1597686425
24,Atuona,-9.8,-139.03,298.87,76,0,7.83,PF,1597686425
25,The Valley,18.22,-63.06,305.15,62,40,9.3,AI,1597686395
26,Tuatapere,-46.13,167.68,275.93,96,92,1.34,NZ,1597686230
27,San Cristobal,7.77,-72.22,303.15,66,40,3.1,VE,1597686256
28,Kahului,20.89,-156.47,299.15,65,20,4.6,US,1597686427
29,Lieksa,63.32,30.02,285.5,59,75,4.12,FI,1597686427
30,Le Port,-20.94,55.29,294.15,68,56,7.7,RE,1597686427
31,Airai,-8.93,125.41,286.11,81,0,1.24,TL,1597686427
32,New Norfolk,-42.78,147.06,281.48,97,28,1.06,AU,1597686429
33,Souillac,-20.52,57.52,295.15,78,40,5.1,MU,1597686160
34,Bengkulu,-3.8,102.27,297.83,87,74,0.56,ID,1597686134
35,Arraial do Cabo,-22.97,-42.03,300.15,69,75,2.6,BR,1597686430
36,Mount Gambier,-37.83,140.77,282.15,93,90,5.1,AU,1597686431
37,Bac Lieu,9.29,105.72,299.71,87,32,3.76,VN,1597686432
38,Mayo,38.89,-76.51,301.48,64,75,5.1,US,1597686432
39,Kavieng,-2.57,150.8,300.79,79,9,4.67,PG,1597686433
40,Cape Town,-33.93,18.42,284.26,66,75,7.7,ZA,1597686402
41,Chui,-33.7,-53.46,288.2,50,0,1.41,UY,1597686433
42,Springfield,37.22,-93.3,303.15,45,1,3.6,US,1597686432
43,Upernavik,72.79,-56.15,281.09,55,96,0.94,GL,1597686434
44,Mataura,-46.19,168.86,275.93,96,89,1.34,NZ,1597686435
45,Port-Cartier,50.03,-66.87,293.15,72,75,6.2,CA,1597686435
46,Mana,5.66,-53.78,303.25,65,44,5.68,GF,1597686435
47,Byron Bay,-28.65,153.62,285.15,66,0,3.6,AU,1597686147
48,Dikson,73.51,80.55,283.73,93,37,6.59,RU,1597686398
49,Port Lincoln,-34.73,135.87,284.86,76,25,7.98,AU,1597686230
50,Pozo Colorado,-23.49,-58.8,298.93,47,58,2.75,PY,1597686437
51,Pascagoula,30.37,-88.56,306.48,55,20,1.18,US,1597686437
52,Nipawin,53.37,-104.0,297.15,60,1,3.6,CA,1597686437
53,Springbok,-29.66,17.89,279.89,86,23,5.81,ZA,1597686438
54,Hasaki,35.73,140.83,300.15,100,75,1.0,JP,1597686438
55,Digras,20.12,77.72,297.34,89,100,6.26,IN,1597686439
56,Jamestown,42.1,-79.24,297.04,53,20,3.6,US,1597686394
57,Dunkirk,51.05,2.37,294.82,94,19,3.51,FR,1597686439
58,Leningradskiy,69.38,178.42,278.1,81,65,8.35,RU,1597686440
59,Beïnamar,8.67,15.38,296.7,92,97,1.07,TD,1597686440
60,Torbay,47.67,-52.73,300.37,36,75,4.1,CA,1597686441
61,Turinsk,58.05,63.7,283.94,94,74,1.3,RU,1597686441
62,Thompson,55.74,-97.86,288.15,58,75,1.0,CA,1597686441
63,Samarai,-10.62,150.67,296.48,73,58,4.84,PG,1597686442
64,Yellowknife,62.46,-114.35,290.15,55,20,3.1,CA,1597686442
65,Tuktoyaktuk,69.45,-133.04,283.15,87,90,3.6,CA,1597686442
66,Peace River,56.25,-117.29,297.15,53,75,3.1,CA,1597686359
67,Nelson Bay,-32.72,152.15,284.82,71,27,6.7,AU,1597686444
68,Bethel,41.37,-73.41,299.82,60,40,2.1,US,1597686444
69,Pathein,16.78,94.73,299.17,91,100,1.87,MM,1597686445
70,Quelimane,-17.88,36.89,296.15,83,75,2.1,MZ,1597686271
71,Narsaq,60.92,-46.05,290.15,42,75,3.1,GL,1597686446
72,Aripuanã,-9.17,-60.63,315.82,10,8,0.93,BR,1597686446
73,George Town,5.41,100.34,300.93,83,20,1.42,MY,1597686447
74,Kidal,18.44,1.41,310.06,27,64,3.38,ML,1597686448
75,Atherton,53.52,-2.49,293.15,72,92,1.34,GB,1597686286
76,Hobart,-42.88,147.33,283.15,93,90,1.8,AU,1597686432
77,Albany,42.6,-73.97,298.71,67,44,1.81,US,1597686449
78,São Filipe,14.9,-24.5,299.24,84,67,1.65,CV,1597686211
79,Southbridge,42.08,-72.03,299.26,49,53,0.59,US,1597686449
80,Tiksi,71.69,128.87,282.49,62,100,2.84,RU,1597686450
81,Nanortalik,60.14,-45.24,282.69,61,82,3.68,GL,1597686450
82,Ribeira Grande,38.52,-28.7,297.15,88,75,11.3,PT,1597686451
83,Qaanaaq,77.48,-69.36,278.55,64,67,2.95,GL,1597686153
84,Puri,19.8,85.85,302.15,83,75,1.5,IN,1597686399
85,Port Macquarie,-31.43,152.92,279.26,95,34,2.38,AU,1597686452
86,Zaria,11.11,7.72,298.72,74,91,2.22,NG,1597686452
87,Flin Flon,54.77,-101.86,289.15,72,75,5.7,CA,1597686453
88,Los Llanos de Aridane,28.66,-17.92,300.15,57,8,6.2,ES,1597686453
89,Korla,41.76,86.15,299.82,51,37,1.79,CN,1597686187
90,Ponta do Sol,32.67,-17.1,298.15,68,2,1.41,PT,1597686454
91,Santa Maria,-29.68,-53.81,291.15,59,0,2.6,BR,1597686289
92,Saint Paul Harbor,57.79,-152.41,284.15,100,90,3.04,US,1597686455
93,Saint-Philippe,-21.36,55.77,294.15,68,20,3.1,RE,1597686455
94,San Vicente,-26.62,-54.13,297.03,50,8,0.92,AR,1597686456
95,Winnemucca,40.97,-117.74,304.15,22,1,2.6,US,1597686456
96,Yantai,37.53,121.4,300.93,97,7,4.11,CN,1597686456
97,Hermanus,-34.42,19.23,283.15,77,92,3.13,ZA,1597686457
98,Vaini,-21.2,-175.2,295.15,73,90,4.6,TO,1597686457
99,Klaksvík,62.23,-6.59,285.15,87,29,4.6,FO,1597686457
100,Osečina,44.37,19.6,301.48,93,70,1.0,RS,1597686458
101,Tasiilaq,65.61,-37.64,282.15,93,75,3.1,GL,1597686459
102,Saint-Pierre,-21.34,55.48,293.15,68,20,3.1,RE,1597686460
103,Rawson,-43.3,-65.1,287.28,36,68,15.68,AR,1597686460
104,Longyearbyen,78.22,15.64,281.15,70,75,3.6,SJ,1597686177
105,Fortuna,40.6,-124.16,290.93,86,100,3.11,US,1597686461
106,Alice Springs,-23.7,133.88,292.15,25,0,4.1,AU,1597686250
107,Geraldton,-28.77,114.6,283.15,93,52,2.6,AU,1597686461
108,Chokurdakh,70.63,147.92,276.77,93,100,5.56,RU,1597686463
109,Punta Arenas,-53.15,-70.92,276.15,86,75,8.7,CL,1597686178
110,Yerbogachën,61.28,108.01,281.7,62,0,0.51,RU,1597686464
111,Deloraine,-41.53,146.67,282.15,93,90,4.1,AU,1597686464
112,Ust-Maya,60.42,134.53,279.85,83,99,0.56,RU,1597686465
113,Westport,41.14,-73.36,299.82,64,1,5.7,US,1597686303
114,Kupang,-10.17,123.58,296.21,82,0,4.07,ID,1597686466
115,Kostomuksha,64.57,30.58,283.64,66,76,3.66,RU,1597686466
116,Ancud,-41.87,-73.82,284.15,71,75,5.1,CL,1597686467
117,Nouadhibou,20.93,-17.03,298.15,69,93,9.8,MR,1597686455
118,Mergen,49.18,125.22,290.69,96,100,2.96,CN,1597686467
119,Saint George,37.1,-113.58,312.04,12,1,2.1,US,1597686374
120,Morón,-34.65,-58.62,290.15,39,0,4.1,AR,1597686468
121,Napier City,-39.48,176.92,274.26,98,44,1.79,NZ,1597686468
122,Scarborough,54.28,-0.4,290.93,88,99,1.79,GB,1597686468
123,Gramsh,40.87,20.18,295.15,60,40,1.0,AL,1597686469
124,Ardakān,32.31,54.02,307.15,21,0,1.0,IR,1597686236
125,Dinard,48.63,-2.06,293.15,82,98,3.1,FR,1597686186
126,Davila,18.47,120.58,299.2,78,100,3.09,PH,1597686471
127,Mari-Turek,56.79,49.62,283.85,89,99,6.45,RU,1597686472
128,Mount Isa,-20.73,139.5,284.15,29,0,3.27,AU,1597686472
129,Hilo,19.73,-155.09,297.15,83,90,4.6,US,1597686183
130,San Policarpo,12.18,125.51,299.15,86,99,2.65,PH,1597686473
131,Flinders,-34.58,150.86,286.48,62,52,3.13,AU,1597686473
132,Faanui,-16.48,-151.75,298.55,71,66,5.04,PF,1597686474
133,Kutum,14.2,24.67,299.48,58,93,3.02,SD,1597686474
134,Muriwai Beach,-36.82,174.45,285.93,83,97,3.58,NZ,1597686475
135,Nabire,-3.37,135.48,297.81,86,96,1.58,ID,1597686475
136,Banjarmasin,-3.32,114.59,298.15,94,90,1.0,ID,1597686476
137,Bambous Virieux,-20.34,57.76,295.15,78,40,5.1,MU,1597686198
138,Moindou,-21.69,165.68,292.15,100,90,1.0,NC,1597686476
139,Baykit,61.67,96.37,284.94,65,100,1.48,RU,1597686477
140,San Luis,-33.3,-66.34,294.7,21,0,5.74,AR,1597686477
141,Pa Sang,18.53,98.94,297.15,83,75,0.34,TH,1597686477
142,Hithadhoo,-0.6,73.08,302.22,72,70,3.34,MV,1597686478
143,Ürümqi,43.8,87.6,298.15,31,13,3.0,CN,1597686478
144,East London,-33.02,27.91,289.45,65,39,6.41,ZA,1597686390
145,Pangkalanbuun,-2.68,111.62,296.86,96,22,1.31,ID,1597686479
146,Yamada,39.47,141.95,295.47,88,97,0.69,JP,1597686479
147,Shelburne,44.08,-80.2,294.82,82,75,3.1,CA,1597686481
148,Acajutla,13.59,-89.83,301.48,83,20,1.5,SV,1597686481
149,Kloulklubed,7.04,134.26,301.84,77,98,6.56,PW,1597686192
150,Itarema,-2.92,-39.92,303.47,47,0,9.13,BR,1597686215
151,Maumere,-8.62,122.21,297.38,80,17,1.94,ID,1597686482
152,Morondava,-20.28,44.28,296.3,72,0,8.36,MG,1597686482
153,Jishou,28.32,109.72,296.68,81,2,0.43,CN,1597686483
154,Laas,46.62,10.7,290.93,82,40,3.1,IT,1597686483
155,Kaitangata,-46.28,169.85,276.48,81,67,1.98,NZ,1597686483
156,Gaoual,11.75,-13.2,300.43,89,38,2.32,GN,1597686484
157,Mossamedes,-15.2,12.15,289.91,84,58,4.35,AO,1597686484
158,Acapulco de Juárez,16.86,-99.89,299.15,88,75,5.1,MX,1597686269
159,Cidreira,-30.18,-50.21,289.68,62,0,2.99,BR,1597686485
160,Pacora,9.08,-79.28,303.15,74,40,4.1,PA,1597686485
161,Brønnøysund,65.46,12.2,287.15,67,0,6.2,NO,1597686486
162,Laguna,38.42,-121.42,308.71,36,1,3.6,US,1597686487
163,Fairbanks,64.84,-147.72,288.15,71,1,2.1,US,1597686406
164,Pingliang,35.54,106.69,287.36,78,100,0.88,CN,1597686487
165,Port Alfred,-33.59,26.89,288.3,60,94,6.4,ZA,1597686487
166,College,64.86,-147.8,288.15,71,40,2.1,US,1597686488
167,Mitsamiouli,-11.38,43.28,299.15,69,20,5.1,KM,1597686353
168,Ossora,59.24,163.07,284.74,61,87,4.1,RU,1597686488
169,Carutapera,-1.2,-46.02,302.65,66,53,5.31,BR,1597686489
170,Amazar,53.86,120.88,279.25,77,76,2.59,RU,1597686489
171,Acaraú,-2.89,-40.12,304.49,43,9,9.01,BR,1597686489
172,Xichang,27.9,102.26,291.68,82,100,0.33,CN,1597686490
173,Beyneu,45.32,55.2,292.99,40,0,5.91,KZ,1597686490
174,Porto-Novo,6.5,2.6,299.15,83,20,5.7,BJ,1597686491
175,Saskylakh,71.92,114.08,287.39,74,98,4.49,RU,1597686492
176,Grand Gaube,-20.01,57.66,294.26,74,2,1.34,MU,1597686492
177,Forsytheganj,52.63,29.73,292.88,74,32,1.38,BY,1597686493
178,Sampit,-2.53,112.95,297.24,92,93,1.45,ID,1597686493
179,Onalaska,43.88,-91.24,299.15,47,90,3.6,US,1597686494
180,Kungurtug,50.6,97.52,283.42,75,40,1.32,RU,1597686495
181,Alugan,12.22,125.48,298.93,87,99,2.48,PH,1597686496
182,Vila Franca do Campo,37.72,-25.43,297.15,83,75,9.8,PT,1597686497
183,Beroroha,-21.67,45.17,295.54,38,0,1.02,MG,1597686497
184,Colares,38.8,-9.45,297.15,73,75,5.1,PT,1597686248
185,Anloga,5.79,0.9,299.15,78,20,7.2,GH,1597686497
186,San Patricio,19.22,-104.7,305.15,62,75,4.1,MX,1597686208
187,Lata,40.16,-8.33,297.59,78,59,1.34,PT,1597686245
188,Valparaíso,-33.04,-71.63,287.15,54,0,2.6,CL,1597686418
189,Miandrivazo,-19.52,45.47,296.65,49,0,0.47,MG,1597686499
190,Nizhneudinsk,54.91,99.03,283.98,74,90,1.78,RU,1597686499
191,Hong Kong,22.29,114.16,300.37,83,97,1.34,HK,1597686460
192,Saint-Augustin,51.23,-58.65,297.1,42,50,6.83,CA,1597686500
193,Coyhaique,-45.58,-72.07,281.15,81,40,5.1,CL,1597686500
194,Soe,-9.86,124.28,289.26,96,0,1.79,ID,1597686500
195,Onverwacht,5.58,-55.18,305.37,62,40,4.1,SR,1597686501
196,Carnarvon,-24.87,113.63,288.15,93,70,4.6,AU,1597686501
197,Turukhansk,65.82,87.98,287.42,78,89,5.06,RU,1597686502
198,La Tuque,47.43,-72.78,295.36,66,85,2.27,CA,1597686502
199,Amoy,24.48,118.08,302.15,79,40,3.0,CN,1597686503
200,Bathsheba,13.22,-59.52,301.15,83,75,9.8,BB,1597686504
201,Zyryanka,65.75,150.85,276.46,77,0,0.63,RU,1597686504
202,Villa María,-32.41,-63.24,295.93,20,0,1.34,AR,1597686504
203,Concarneau,47.88,-3.92,293.15,82,75,4.1,FR,1597686505
204,Ugoofaaru,5.67,73.0,301.5,71,63,1.75,MV,1597686505
205,St. George's,12.06,-61.75,300.15,88,75,3.6,GD,1597686414
206,Saldanha,-33.01,17.94,285.15,76,65,4.6,ZA,1597686506
207,Alta Floresta,-9.88,-56.09,312.15,15,20,4.1,BR,1597686507
208,Faxinal,-24.0,-51.32,292.58,93,67,3.15,BR,1597686507
209,Xinmin,41.99,122.83,300.15,88,75,4.0,CN,1597686507
210,Banjar,-8.19,114.97,299.15,100,40,4.1,ID,1597686508
211,Barra de Tecoanapa,16.52,-98.75,300.99,82,100,2.82,MX,1597686508
212,Tura,25.52,90.22,297.5,95,94,3.78,IN,1597686509
213,Cap Malheureux,-19.98,57.61,294.26,74,2,1.34,MU,1597686509
214,Port Blair,11.67,92.75,300.85,80,92,4.99,IN,1597686509
215,Salitral,-4.86,-80.68,301.67,41,93,4.56,PE,1597686510
216,Sexsmith,55.35,-118.79,292.15,68,75,2.1,CA,1597686510
217,Kalmunai,7.42,81.82,300.35,84,76,2.04,LK,1597686511
218,Lorengau,-2.02,147.27,300.57,80,14,4.23,PG,1597686511
219,Córdoba,-31.41,-64.18,296.48,16,0,3.1,AR,1597686327
220,Sisimiut,66.94,-53.67,284.35,47,35,1.27,GL,1597686261
221,Baraboo,43.47,-89.74,298.15,44,90,3.1,US,1597686377
222,Khorixas,-20.37,14.97,285.1,50,0,5.48,NA,1597686512
223,Jieshi,22.81,115.83,300.79,79,30,4.3,CN,1597686513
224,Marawi,8.0,124.29,296.48,95,100,2.24,PH,1597686513
225,Dhidhdhoo,6.88,73.1,301.4,74,84,2.79,MV,1597686514
226,Ixtapa,20.7,-105.2,304.26,62,75,2.6,MX,1597686408
227,Bushehr,28.97,50.84,307.15,59,21,4.1,IR,1597686515
228,Cherskiy,68.75,161.3,278.12,92,100,5.75,RU,1597686515
229,Aktau,43.65,51.2,293.15,52,0,2.0,KZ,1597686515
230,Vuktyl,63.86,57.31,282.57,96,100,2.32,RU,1597686516
231,Xam Nua,20.42,104.04,292.37,93,100,0.8,LA,1597686516
232,Båtsfjord,70.63,29.72,282.15,75,75,8.2,NO,1597686516
233,Pevek,69.7,170.31,276.28,88,98,4.6,RU,1597686517
234,Banepā,27.63,85.52,297.15,88,75,1.0,NP,1597686519
235,Oodweyne,9.41,45.06,300.47,46,58,8.67,SO,1597686519
236,Katsuura,35.13,140.3,300.93,90,60,1.34,JP,1597686519
237,Buckeye,33.37,-112.58,313.71,21,1,5.1,US,1597686411
238,Navrongo,10.9,-1.09,301.4,73,92,1.73,GH,1597686520
239,Bandarbeyla,9.49,50.81,297.66,81,15,15.05,SO,1597686521
240,Gamba,-2.65,10.0,296.68,84,87,4.5,GA,1597686521
241,Clyde River,70.47,-68.59,280.15,100,75,1.0,CA,1597686522
242,Tombouctou,20.0,-3.0,316.09,15,0,4.01,ML,1597686522
243,Castro,-24.79,-50.01,292.95,77,77,2.0,BR,1597686331
244,Paragould,36.06,-90.5,302.15,39,1,1.5,US,1597686523
245,Broken Hill,-31.95,141.43,285.15,58,17,3.1,AU,1597686523
246,Talara,-4.58,-81.27,296.15,69,69,7.2,PE,1597686523
247,Huangmei,30.19,116.03,300.04,75,0,0.87,CN,1597686524
248,Kruisfontein,-34.0,24.73,289.82,40,66,4.02,ZA,1597686524
249,Severo-Kuril'sk,50.68,156.12,283.6,91,81,0.68,RU,1597686525
250,Inhuma,-6.67,-41.71,308.78,19,24,3.64,BR,1597686525
251,Leshukonskoye,64.9,45.76,281.77,91,80,1.48,RU,1597686525
252,Vila,42.03,-8.16,293.15,88,75,2.1,PT,1597686526
253,Xique-Xique,-10.82,-42.73,305.1,37,1,3.4,BR,1597686527
254,General Roca,-39.03,-67.58,289.15,34,1,4.6,AR,1597686528
255,Vyartsilya,62.18,30.69,283.71,68,51,1.24,RU,1597686529
256,Athabasca,54.72,-113.29,297.1,58,26,2.06,CA,1597686529
257,Dubno,50.42,25.73,297.59,61,58,2.34,UA,1597686529
258,Srednekolymsk,67.45,153.68,277.66,88,88,5.49,RU,1597686531
259,Rundu,-17.93,19.77,294.38,20,1,0.88,NA,1597686288
260,Sirte,31.21,16.59,301.58,62,0,4.58,LY,1597686532
261,Quatre Cocos,-20.21,57.76,295.15,78,40,5.1,MU,1597686532
262,Bukama,-9.2,25.85,299.31,17,5,1.11,CD,1597686533
263,Ostrovnoy,68.05,39.51,281.24,83,100,5.66,RU,1597686533
264,Douala,4.05,9.7,299.15,100,75,2.1,CM,1597686506
265,Sørland,67.67,12.69,284.15,76,75,4.6,NO,1597686534
266,Salalah,17.02,54.09,299.15,94,90,1.5,OM,1597686535
267,Stornoway,58.21,-6.39,290.37,93,20,4.1,GB,1597686535
268,Camacha,33.08,-16.33,297.15,73,40,5.1,PT,1597686535
269,Zyryanovsk,49.74,84.27,287.12,60,5,1.24,KZ,1597686536
270,Ulladulla,-35.35,150.47,285.37,62,90,5.7,AU,1597686287
271,Ukiah,39.15,-123.21,302.04,44,1,1.76,US,1597686536
272,Vung Tau,10.35,107.08,300.56,82,59,6.28,VN,1597686537
273,Brae,60.4,-1.35,288.15,87,75,6.2,GB,1597686537
274,Iberia,29.95,-91.75,305.15,59,1,3.1,US,1597686537
275,Port Elizabeth,-33.92,25.57,287.15,54,73,1.0,ZA,1597686538
276,Seoul,37.57,126.98,298.15,94,1,0.8,KR,1597686228
277,Assiut,27.18,31.18,306.15,33,0,5.1,EG,1597686539
278,Garden City,42.33,-83.33,300.15,44,75,3.6,US,1597686300
279,Otjimbingwe,-22.35,16.13,284.99,40,0,2.69,NA,1597686540
280,Masterton,-40.96,175.66,277.04,88,25,1.79,NZ,1597686540
281,Codrington,-38.27,141.97,281.25,96,53,4.6,AU,1597686540
282,Normandin,48.83,-72.53,295.15,64,75,6.2,CA,1597686541
283,Cascais,38.7,-9.42,297.04,78,75,4.1,PT,1597686541
284,Havre-St-Pierre,50.23,-63.6,295.15,53,1,3.1,CA,1597686541
285,Haines Junction,60.75,-137.51,282.46,86,100,0.66,CA,1597686542
286,Sola,-13.88,167.55,299.44,84,98,3.93,VU,1597686543
287,Slonim,53.09,25.32,293.44,73,75,1.31,BY,1597686543
288,Ilulissat,69.22,-51.1,283.15,53,75,1.5,GL,1597686544
289,Neryungri,56.67,124.65,275.05,89,9,2.3,RU,1597686544
290,Hat Yai,7.01,100.48,299.15,100,20,1.0,TH,1597686544
291,Taltal,-25.4,-70.48,288.07,62,10,3.19,CL,1597686545
292,San Quintín,30.48,-115.95,298.89,62,14,3.57,MX,1597686545
293,Bodden Town,19.28,-81.25,305.93,70,75,1.5,KY,1597686545
294,Dalby,-27.18,151.27,278.15,85,0,0.76,AU,1597686546
295,Yeppoon,-23.13,150.73,283.15,81,0,1.41,AU,1597686546
296,Lerum,57.77,12.27,299.15,44,100,2.1,SE,1597686547
297,Kerman,30.28,57.08,306.15,13,40,4.1,IR,1597686547
298,Vanimo,-2.67,141.3,298.27,84,7,2.25,PG,1597686547
299,Chiang Khong,20.26,100.4,296.15,100,75,1.5,TH,1597686548
300,Pemangkat,1.17,108.97,299.51,84,10,2.92,ID,1597686548
301,Padang,-0.95,100.35,298.5,77,95,2.23,ID,1597686548
302,Peniche,39.36,-9.38,296.48,86,28,4.92,PT,1597686548
303,Sandakan,5.84,118.12,296.15,100,20,1.5,MY,1597686549
304,Northam,51.03,-4.22,290.93,92,89,1.34,GB,1597686549
305,Saint-Paul,-21.01,55.27,294.15,68,71,7.7,RE,1597686550
306,Pochutla,15.74,-96.47,304.26,70,40,4.1,MX,1597686550
307,Kyra,49.58,111.98,282.02,88,95,2.06,RU,1597686551
308,Dunedin,-45.87,170.5,279.26,86,62,0.89,NZ,1597686551
309,Sovetskiy,61.36,63.58,286.1,95,100,2.87,RU,1597686551
310,Juneau,58.3,-134.42,285.37,93,90,3.1,US,1597686325
311,Pandan,14.05,124.17,299.54,83,100,0.95,PH,1597686552
312,Linxi,39.7,118.43,298.3,93,19,0.88,CN,1597686553
313,Puerto El Triunfo,13.28,-88.55,303.15,79,20,2.6,SV,1597686554
314,Araouane,18.9,-3.53,314.24,21,0,3.7,ML,1597686554
315,Morehead,37.27,-87.18,303.15,61,1,2.31,US,1597686554
316,Santa Cruz de La Palma,28.68,-17.76,300.15,57,26,6.2,ES,1597686555
317,Tautira,-17.73,-149.15,297.15,73,40,4.6,PF,1597686555
318,Formosa,-26.18,-58.18,298.15,36,0,3.6,AR,1597686556
319,Muisne,0.6,-80.03,301.15,78,75,3.1,EC,1597686557
320,Zhigansk,66.77,123.37,281.49,55,51,3.19,RU,1597686557
321,Lüderitz,-26.65,15.16,286.72,65,0,9.58,NA,1597686558
322,Iqaluit,63.75,-68.51,281.15,87,75,4.6,CA,1597686558
323,Te Anau,-45.42,167.72,275.26,87,99,0.41,NZ,1597686558
324,Manokwari,-0.87,134.08,299.24,76,32,2.59,ID,1597686559
325,Ji’an,27.12,114.98,300.43,71,0,0.15,CN,1597686559
326,Montijo,38.71,-8.97,298.15,83,40,5.7,PT,1597686559
327,Kavaratti,10.57,72.64,300.95,81,98,5.16,IN,1597686560
328,Provideniya,64.38,-173.3,282.21,81,100,2.51,RU,1597686560
329,Vilhena,-12.74,-60.15,307.15,30,9,2.6,BR,1597686438
330,Alacranes,22.77,-81.57,304.15,70,75,3.6,CU,1597686561
331,Metro,-5.11,105.31,297.09,90,28,1.37,ID,1597686566
332,Esperance,-33.87,121.9,281.15,75,71,9.8,AU,1597686567
333,Viedma,-40.81,-63.0,288.56,33,0,9.61,AR,1597686323
334,San Carlos,9.66,-68.58,302.68,78,35,1.38,VE,1597686568
335,Mbini,1.57,9.61,300.15,88,40,4.6,GQ,1597686568
336,Monrovia,6.3,-10.8,299.15,83,75,2.1,LR,1597686569
337,Grindavik,63.84,-22.43,288.15,82,40,4.1,IS,1597686569
338,Sitka,57.05,-135.33,286.15,93,90,2.23,US,1597686569
339,Port Hedland,-20.32,118.57,289.15,87,0,3.1,AU,1597686570
340,Buala,-8.14,159.59,299.86,79,78,1.68,SB,1597686570
341,Meulaboh,4.14,96.13,298.69,84,51,1.7,ID,1597686570
342,Krasnyy Chikoy,50.36,108.75,282.28,88,3,1.15,RU,1597686571
343,Dera Gopipur,31.9,76.22,299.72,84,92,2.06,IN,1597686571
344,Hervey Bay,-25.3,152.85,284.82,81,0,2.1,AU,1597686400
345,Lavrentiya,65.58,-171.0,280.92,87,100,0.63,RU,1597686572
346,Tshikapa,-6.42,20.8,301.83,31,98,0.84,CD,1597686572
347,Gazli,40.13,63.45,296.99,24,4,4.29,UZ,1597686573
348,Contamana,-7.33,-75.02,310.72,31,11,1.87,PE,1597686573
349,Sulangan,11.14,123.72,301.52,74,100,2.44,PH,1597686574
350,Avera,33.19,-82.53,304.15,55,1,1.5,US,1597686574
351,Bend,44.06,-121.32,302.15,32,1,1.43,US,1597686359
352,Zhezkazgan,47.8,67.71,293.29,34,38,3.28,KZ,1597686575
353,Imeni Zhelyabova,58.95,36.6,285.25,60,0,2.96,RU,1597686576
354,Bunia,1.57,30.25,291.77,91,55,1.42,CD,1597686576
355,Martapura,-3.42,114.85,298.15,94,90,1.0,ID,1597686576
356,Hamilton,39.18,-84.53,303.71,51,1,2.6,US,1597686380
357,Kastamonu Province,41.5,33.67,285.57,68,0,1.63,TR,1597686577
358,Honningsvåg,70.98,25.97,281.15,87,75,10.3,NO,1597686577
359,Kieta,-6.22,155.63,298.44,79,7,1.79,PG,1597686578
360,Sibolga,1.74,98.78,297.77,83,57,1.52,ID,1597686578
361,Muros,42.78,-9.06,293.71,93,75,3.1,ES,1597686579
362,Atar,20.52,-13.05,314.41,19,0,5.19,MR,1597686579
363,Coahuayana Viejo,18.73,-103.68,301.15,74,75,0.56,MX,1597686580
364,Nador,35.17,-2.93,305.15,32,0,7.2,MA,1597686580
365,Marsá Maţrūḩ,31.35,27.25,301.15,65,0,4.1,EG,1597686580
366,Kuytun,54.34,101.5,282.5,76,6,2.29,RU,1597686581
367,Verkhoyansk,67.54,133.38,277.35,73,4,0.44,RU,1597686581
368,Kramat,-8.13,113.45,295.28,84,18,0.81,ID,1597686581
369,Kānor,24.43,74.27,298.46,94,70,4.57,IN,1597686582
370,Yulara,-25.24,130.99,287.15,36,0,3.1,AU,1597686582
371,Orël-Izumrud,43.46,39.92,298.15,61,2,3.0,RU,1597686582
372,Narragansett,41.45,-71.45,298.15,60,40,4.6,US,1597686583
373,Lunenburg,44.38,-64.32,288.71,96,100,0.89,CA,1597686583
374,Beira,-19.84,34.84,296.15,83,20,4.1,MZ,1597686583
375,Rudnyy,52.96,63.12,287.15,82,75,3.0,KZ,1597686584
376,Kaniama,-7.57,24.18,299.69,19,13,0.69,CD,1597686584
377,Vestmannaeyjar,63.44,-20.27,286.15,82,20,7.2,IS,1597686584
378,Atikokan,48.76,-91.62,291.97,50,56,4.58,CA,1597686586
379,Marabu,4.41,114.01,299.15,94,40,2.6,MY,1597686586
380,Cockburn Town,21.46,-71.14,303.15,70,40,3.6,TC,1597686587
381,Anekal,12.7,77.7,298.71,100,75,6.27,IN,1597686587
382,Puerto Lleras,3.02,-73.4,295.67,98,100,2.26,CO,1597686587
383,Bertoua,4.58,13.68,295.29,91,100,0.54,CM,1597686588
384,Lagos,6.58,3.75,300.15,74,40,2.1,NG,1597685880
385,Yar-Sale,66.83,70.83,282.91,92,99,3.93,RU,1597686588
386,Port Angeles,48.12,-123.43,294.26,72,1,4.6,US,1597686424
387,Abu Dhabi,24.47,54.37,308.15,67,85,2.6,AE,1597686504
388,Nikolskoye,59.7,30.79,290.37,59,0,4.0,RU,1597686589
389,Malinovskiy,61.2,62.84,285.94,98,100,2.69,RU,1597686590
390,Lao Cai,22.48,103.95,297.28,86,100,0.59,VN,1597686591
391,Kulykivka,51.37,31.65,293.82,65,36,2.03,UA,1597686591
392,Olutanga,7.31,122.85,301.06,76,100,5.72,PH,1597686591
393,Hirara,24.8,125.28,302.07,79,68,6.93,JP,1597686592
394,Yichang,30.71,111.28,299.63,80,0,0.94,CN,1597686592
395,Ntoum,0.38,9.78,299.15,83,40,4.1,GA,1597686593
396,La Palma del Condado,37.39,-6.55,304.15,40,0,6.7,ES,1597686593
397,Nioro,13.35,-15.75,301.01,83,85,4.24,GM,1597686593
398,Thinadhoo,0.53,72.93,302.25,68,99,2.5,MV,1597686593
399,Jaqué,7.52,-78.17,301.44,76,52,1.74,PA,1597686594
400,Stephenville,32.22,-98.2,305.37,40,1,1.5,US,1597686353
401,Bara,10.37,10.73,299.95,74,83,1.53,NG,1597686594
402,Portel,-1.94,-50.82,309.03,35,33,2.68,BR,1597686595
403,Aquiraz,-3.9,-38.39,304.15,48,1,8.2,BR,1597686595
404,Caucayá,-0.19,-74.78,304.31,55,76,0.43,CO,1597686439
405,Kiunga,-6.12,141.29,293.8,95,76,0.84,PG,1597686597
406,Māngrol,21.12,70.12,300.92,84,99,7.21,IN,1597686597
407,Boone,39.03,-92.33,301.48,68,0,4.74,US,1597686598
408,Antofagasta,-23.65,-70.4,288.15,58,20,5.1,CL,1597686598
409,Harlingen,26.19,-97.7,305.93,59,1,1.5,US,1597686599
410,Darnah,32.77,22.64,298.66,76,0,7.0,LY,1597686326
411,Thouars,46.98,-0.22,298.15,64,51,0.45,FR,1597686599
412,Pescia,43.9,10.69,299.26,27,68,2.68,IT,1597686318
413,Cañete,-37.8,-73.4,284.4,63,17,2.27,CL,1597686600
414,Lund,55.71,13.19,299.82,36,6,3.6,SE,1597686600
415,West Des Moines,41.57,-93.75,299.82,54,20,7.2,US,1597686532
416,Douentza,15.0,-2.95,308.84,33,95,0.84,ML,1597686601
417,Puerto del Rosario,28.5,-13.86,299.15,74,0,7.2,ES,1597686601
418,Ojinaga,29.57,-104.42,306.15,31,1,3.1,MX,1597686602
419,Stodolishche,54.19,32.65,290.46,84,1,2.82,RU,1597686602
420,Taoudenni,22.68,-3.98,318.52,5,0,5.17,ML,1597686409
421,Camaçari,-12.7,-38.32,300.15,65,20,4.1,BR,1597686606
422,Kiryat Gat,31.61,34.76,301.48,54,0,2.77,IL,1597686607
423,Uglich,57.53,38.33,284.93,79,3,1.0,RU,1597686607
424,Smalininkai,55.07,22.58,293.5,75,67,3.06,LT,1597686607
425,Ketchikan,55.34,-131.65,287.15,100,90,3.1,US,1597686602
426,Rabat,33.99,-6.84,298.15,69,0,5.7,MA,1597686608
427,Tynda,55.17,124.72,278.13,82,95,2.22,RU,1597686608
428,Sengiley,53.96,48.79,289.15,67,22,6.0,RU,1597686609
429,Fort Nelson,58.81,-122.7,287.15,100,90,1.0,CA,1597686354
430,Vallenar,-28.57,-70.76,293.61,28,0,3.13,CL,1597686609
431,Cururupu,-1.83,-44.87,304.23,51,48,3.28,BR,1597686610
432,Marsabit,2.33,37.99,292.86,68,50,7.3,KE,1597686611
433,Olafsvik,64.89,-23.71,287.08,80,61,5.0,IS,1597686612
434,Sfântu Gheorghe,45.87,25.78,295.93,57,46,1.74,RO,1597686612
435,Qui Nhon,13.77,109.23,299.64,81,93,1.82,VN,1597686613
436,Boa Vista,2.82,-60.67,303.15,62,75,1.5,BR,1597686613
437,Kumluca,36.37,30.29,302.79,42,0,2.6,TR,1597686615
438,Mahuta,-10.87,39.45,291.96,69,77,2.47,TZ,1597686615
439,Moussoro,13.64,16.49,304.82,53,19,6.05,TD,1597686615
440,Piaçabuçu,-10.41,-36.43,298.96,69,15,4.17,BR,1597686616
441,Tres Arroyos,-38.37,-60.28,287.07,41,0,7.1,AR,1597686616
442,Sur,22.57,59.53,304.82,59,47,5.6,OM,1597686378
443,Beruwala,6.48,79.98,299.71,88,12,2.59,LK,1597686617
444,Florida,28.75,-82.5,297.15,94,75,2.57,US,1597686589
445,Batemans Bay,-35.72,150.18,282.59,77,29,0.89,AU,1597686465
446,Qaqortoq,60.72,-46.03,290.15,42,75,3.1,GL,1597686619
447,Ca Mau,9.18,105.15,299.34,88,29,1.85,VN,1597686619
448,Latung,5.5,120.88,301.63,62,100,0.64,PH,1597686620
449,Zarautz,43.28,-2.17,296.48,55,99,0.89,ES,1597686621
450,Maracaí,-22.61,-50.67,292.59,94,100,1.72,BR,1597686623
451,Antalaha,-14.9,50.28,294.03,82,0,4.54,MG,1597686623
452,Ferkessédougou,9.6,-5.2,300.59,78,49,1.6,CI,1597686624
453,Aklavik,68.22,-135.01,284.15,87,90,1.5,CA,1597686624
454,Nome,64.5,-165.41,288.71,81,40,2.1,US,1597686625
455,Gizo Government Station,-8.1,156.84,299.94,83,64,5.15,SB,1597686625
456,Nantucket,41.28,-70.1,292.15,82,90,6.2,US,1597686586
457,Tiznit Province,29.58,-9.5,302.09,28,0,3.09,MA,1597686626
458,Esna,25.29,32.55,311.15,29,0,2.1,EG,1597686626
459,Ende,-8.84,121.66,296.13,78,69,0.78,ID,1597686627
460,Berlevåg,70.86,29.09,282.15,76,75,10.8,NO,1597686628
461,Tūkrah,32.53,20.58,299.67,76,0,3.85,LY,1597686628
462,Port-Gentil,-0.72,8.78,299.15,78,75,7.47,GA,1597686628
463,Uvalde,29.37,-99.77,307.04,46,40,3.1,US,1597686629
464,Namatanai,-3.67,152.43,299.13,83,7,4.59,PG,1597686629
465,Taksimo,56.34,114.88,280.63,72,0,0.8,RU,1597686630
466,Aiquile,-18.2,-65.18,294.75,50,18,5.97,BO,1597686630
467,Río Gallegos,-51.62,-69.22,278.15,65,40,11.8,AR,1597686630
468,Vanavara,60.34,102.28,282.57,63,72,2.61,RU,1597686631
469,Ozinki,51.18,49.68,290.24,72,28,4.85,RU,1597686631
470,Waipawa,-41.41,175.52,277.15,86,4,2.6,NZ,1597686509
471,South Charleston,38.37,-81.7,301.48,61,40,2.6,US,1597686632
472,Kelso,46.15,-122.91,295.37,72,20,0.72,US,1597686538
473,Ahipara,-35.17,173.17,286.85,81,100,6.77,NZ,1597686632
474,Villaviciosa,43.48,-5.44,295.93,70,99,0.81,ES,1597686633
475,Okhotsk,59.38,143.3,285.61,90,100,1.72,RU,1597686633
476,Ouro Sogui,15.61,-13.32,309.15,53,40,1.0,SN,1597686634
477,Mâncio Lima,-7.61,-72.9,308.15,50,75,3.1,BR,1597686634
478,Kargasok,59.06,80.86,289.9,71,100,5.68,RU,1597686634
479,Pāsighāt,28.07,95.33,297.6,85,86,0.75,IN,1597686635
480,Lota,-37.08,-73.17,285.15,66,20,7.2,CL,1597686637
481,Kitimat,54.05,-128.65,291.15,88,75,7.7,CA,1597686638
482,Norman Wells,65.28,-126.83,285.15,66,75,3.6,CA,1597686638
483,Katobu,-4.94,122.53,294.86,92,25,0.92,ID,1597686639
484,Marystown,47.17,-55.15,294.26,100,95,3.13,CA,1597686639
485,Sept-Îles,50.2,-66.38,293.15,72,75,6.2,CA,1597686640
486,Tegul'det,57.31,88.17,286.81,87,1,2.36,RU,1597686640
487,Ambon City,-3.7,128.18,297.59,16,37,4.72,ID,1597686593
488,Gumdag,39.21,54.59,300.68,29,67,6.33,TM,1597686642
489,Vardø,70.37,31.11,281.15,81,75,8.2,NO,1597686642
490,Huarmey,-10.07,-78.15,292.79,63,97,4.95,PE,1597686643
491,Buraidah,26.33,43.98,310.15,19,90,3.1,SA,1597686463
492,Dawson Creek,55.77,-120.24,291.15,82,40,1.5,CA,1597686644
493,Jiuquan,39.74,98.52,293.88,23,5,3.34,CN,1597686644
494,Haining,30.54,120.69,303.15,66,0,2.0,CN,1597686645
495,Kulevcha,46.03,29.94,293.83,56,0,2.92,UA,1597686645
496,Constitución,-35.33,-72.42,285.91,60,0,5.92,CL,1597686646
497,Saint Anthony,45.02,-93.22,297.04,40,1,6.7,US,1597686435
498,Key Biscayne,25.69,-80.16,307.04,52,75,1.5,US,1597686646
499,Bonavista,48.65,-53.11,294.82,59,60,1.34,CA,1597686647
500,Petropavlovsk-Kamchatskiy,53.05,158.65,285.15,100,75,1.0,RU,1597686530
501,Ust'-Barguzin,53.45,108.98,283.99,84,1,1.68,RU,1597686647
502,Røros,62.57,11.38,294.15,60,29,0.5,NO,1597686648
503,Guane,22.2,-84.09,305.92,54,18,1.45,CU,1597686648
504,Touros,-5.2,-35.46,302.15,54,40,6.7,BR,1597686648
505,Caravelas,-17.71,-39.25,299.56,65,14,4.27,BR,1597686649
506,Kotel'nich,58.31,48.35,282.32,78,47,3.88,RU,1597686649
507,Dauriya,49.93,116.87,284.89,89,100,5.99,RU,1597686404
508,Ştefan Vodă,46.52,29.66,293.71,43,0,4.63,MD,1597686650
509,Vytegra,61.01,36.45,286.88,57,43,2.57,RU,1597686650
510,Mahébourg,-20.41,57.7,295.15,78,40,5.1,MU,1597686651
511,Hualmay,-11.1,-77.61,291.76,66,97,4.83,PE,1597686651
512,Kyrenia,35.34,33.32,303.15,33,0,5.1,CY,1597686652
513,Talnakh,69.49,88.4,288.15,54,1,2.0,RU,1597686382
514,Kars,40.6,43.09,287.15,76,75,6.2,TR,1597686652
515,Mbanza-Ngungu,-5.25,14.87,298.59,60,42,3.49,CD,1597686653
516,Cairns,-16.92,145.77,288.15,93,41,1.0,AU,1597686466
517,Kishanpur,25.65,81.02,303.1,77,99,2.68,IN,1597686653
518,Doctor Arroyo,23.67,-100.18,298.1,40,76,1.8,MX,1597686654
519,Montrose,38.42,-108.27,302.04,28,0,3.13,US,1597686596
520,Forio,40.73,13.86,300.93,80,0,3.13,IT,1597686654
521,Carberry,49.87,-99.36,296.15,49,5,1.59,CA,1597686655
522,Bandar,2.05,99.75,296.32,83,32,1.02,ID,1597686655
523,Catuday,16.29,119.81,299.76,81,99,3.76,PH,1597686655
524,Grand-Santi,4.25,-54.38,306.82,44,37,1.92,GF,1597686656
525,Marsh Harbour,26.54,-77.06,302.83,62,8,2.64,BS,1597686656
526,Chernyshevskiy,63.01,112.47,280.74,67,0,0.82,RU,1597686656
527,Port Hardy,50.7,-127.42,290.15,88,40,1.5,CA,1597686657
528,Santiago del Estero,-27.8,-64.26,298.28,21,0,3.89,AR,1597686657
529,La Bélgica,-17.55,-63.22,289.15,87,75,5.1,BO,1597686657
530,Jinxiang,22.86,115.7,300.56,78,25,3.34,CN,1597686658
531,Shangzhi,45.22,127.97,293.93,96,100,3.07,CN,1597686658
532,Challakere,14.32,76.65,296.3,83,99,7.6,IN,1597686659
533,Birao,10.28,22.79,296.73,90,100,0.77,CF,1597686659
534,Tuscaloosa,33.21,-87.57,305.37,59,1,3.6,US,1597686659
535,Paamiut,61.99,-49.67,282.33,62,0,6.03,GL,1597686660
536,Pitimbu,-7.47,-34.81,302.15,62,40,6.7,BR,1597686660
537,Mouzourás,35.53,24.15,298.15,65,0,2.1,GR,1597686660
538,Dakar,14.69,-17.44,303.15,79,75,7.2,SN,1597686366
539,Guerrero Negro,27.98,-114.06,302.04,47,42,5.08,MX,1597686665
540,Torres,-29.34,-49.73,289.84,73,0,2.66,BR,1597686665
541,Sangar,63.92,127.47,279.02,66,0,0.27,RU,1597686666
542,Krasnosel'kup,65.7,82.47,287.09,93,42,3.41,RU,1597686667
543,Ulaangom,49.98,92.07,289.06,74,68,0.71,MN,1597686667
544,Luanda,-8.84,13.23,296.15,73,40,2.6,AO,1597686038
545,Senador José Porfírio,-2.59,-51.95,308.01,38,90,1.18,BR,1597686668
546,Sindor,62.86,51.89,280.84,95,85,2.56,RU,1597686668
547,Florianópolis,-27.61,-48.5,295.93,68,20,5.1,BR,1597686669
548,Kenora,49.82,-94.43,292.15,55,75,4.6,CA,1597686508
549,Pisco,-13.7,-76.22,291.48,72,40,4.6,PE,1597686382
550,Baghdad,33.34,44.4,307.15,21,0,2.1,IQ,1597686670
551,Idenao,4.25,9.0,298.15,100,75,4.1,CM,1597686670
552,Sicuani,-14.27,-71.23,291.18,25,0,7.2,PE,1597686670
553,Trincomalee,8.57,81.23,300.55,73,86,5.3,LK,1597686671
554,Corinth,37.94,22.96,302.04,44,1,1.79,GR,1597686671
555,Dalmatovo,56.26,62.94,283.2,91,64,2.06,RU,1597686672
556,Tamiahua,21.27,-97.45,304.22,58,29,2.3,MX,1597686672
557,Orbetello,42.44,11.22,302.15,51,20,4.1,IT,1597686672
558,Murgab,37.5,61.97,302.15,21,40,4.1,TM,1597686673
559,Zaraza,9.35,-65.32,303.28,77,80,1.24,VE,1597686673
560,Umm Kaddadah,13.6,26.69,302.74,52,92,5.69,SD,1597686675
561,Salamiyah,35.01,37.05,296.33,56,0,5.37,SY,1597686676
562,Saint-Joseph,-21.37,55.62,293.15,68,20,3.1,RE,1597686676
563,Juba,4.85,31.58,296.96,81,56,1.34,SS,1597686469
564,Kathmandu,27.72,85.32,297.15,94,75,1.03,NP,1597686677
565,Hudiksvall,61.73,17.1,288.51,70,1,2.47,SE,1597686677
566,Bilma,18.69,12.92,310.78,17,100,2.6,NE,1597686678
567,Chitipa,-9.7,33.27,290.58,60,88,3.13,MW,1597686679
568,Prince Rupert,54.32,-130.32,286.15,100,90,2.1,CA,1597686680
569,Beihai,21.48,109.1,301.22,83,100,6.44,CN,1597686680
570,Dingle,11.0,122.67,297.04,89,100,1.66,PH,1597686680
571,Escanaba,45.75,-87.06,297.59,53,20,4.6,US,1597686681
572,Jumla,29.27,82.18,291.66,70,78,0.81,NP,1597686681
573,Nsunga,-1.14,31.39,293.32,66,39,1.76,TZ,1597686682
574,Solnechnyy,50.72,136.63,285.4,92,100,0.87,RU,1597686531
